INSERT INTO dim_product (prod_id, prod_name, prod_type, prod_desc, is_active, cre_id, upd_id, cre_ts, upd_ts) VALUES (101, 'Umbrella Security Professional', 'CLOUD_SECURITY_PRO', 'Annual Cloud Security - Cisco Umberlla Professional', 'Y', 'p_srv_id', null, '2018-01-01 00:00:00', null);
INSERT INTO dim_product (prod_id, prod_name, prod_type, prod_desc, is_active, cre_id, upd_id, cre_ts, upd_ts) VALUES (102, 'Umbrella Insights', 'CLOUD_INSIGHT_PRO', 'Annual Cloud Security - Cisco Umberlla Insights', 'Y', 'p_srv_id', null, '2018-01-01 00:00:00', null);
INSERT INTO dim_product (prod_id, prod_name, prod_type, prod_desc, is_active, cre_id, upd_id, cre_ts, upd_ts) VALUES (103, 'Umbrella Security Standard', 'CLOUD_SECURITY_STD', 'Annual Cloud Security - Cisco Umberlla Standard', 'Y', 'p_srv_id', null, '2018-01-01 00:00:00', null);
INSERT INTO dim_product (prod_id, prod_name, prod_type, prod_desc, is_active, cre_id, upd_id, cre_ts, upd_ts) VALUES (104, 'Umbrella Security Basic', 'CLOUD_SECURITY_BASIC', 'Annual Cloud Security - Cisco Umberlla Basic', 'Y', 'p_srv_id', 'p_srv_id', '2018-01-01 00:00:00', '2018-11-15 00:00:00');
INSERT INTO dim_product (prod_id, prod_name, prod_type, prod_desc, is_active, cre_id, upd_id, cre_ts, upd_ts) VALUES (105, 'Umbrella Insights Standard', 'CLOUD_INSIGHT_STD', 'Annual Cloud Security - Cisco Umberlla Professional', 'Y', 'p_srv_id', null, '2018-01-01 00:00:00', null);
INSERT INTO dim_product (prod_id, prod_name, prod_type, prod_desc, is_active, cre_id, upd_id, cre_ts, upd_ts) VALUES (106, 'Umbrella Insights Basic', 'CLOUD_INSIGHT_BASIC', 'Annual Cloud Security - Cisco Umberlla Professional', 'Y', 'p_srv_id', null, '2018-01-01 00:00:00', null);

INSERT INTO dim_location (loc_id, city_code, city_name, state_code, state_name, country_code, country, region, cre_id, upd_id, cre_ts, upd_ts) VALUES (101, 'SFO', 'San Francisco', 'CA', 'California', 'US', 'United States', 'NAMR', 'prod_id', null, '2019-12-27 00:00:00', null);
INSERT INTO dim_location (loc_id, city_code, city_name, state_code, state_name, country_code, country, region, cre_id, upd_id, cre_ts, upd_ts) VALUES (110, 'CLT', 'Charlotte', 'NC', 'North Carolina', 'US', 'United States', 'NAMR', 'prod_id', null, '2019-11-22 00:00:00', null);
INSERT INTO dim_location (loc_id, city_code, city_name, state_code, state_name, country_code, country, region, cre_id, upd_id, cre_ts, upd_ts) VALUES (111, 'SJC', 'San Jose', 'CA', 'California', 'US', 'United States', 'NAMR', 'prod_id', null, '2018-11-22 00:00:00', null);
INSERT INTO dim_location (loc_id, city_code, city_name, state_code, state_name, country_code, country, region, cre_id, upd_id, cre_ts, upd_ts) VALUES (112, 'NYC', 'New York City', 'NY', 'New York', 'US', 'United States', 'NAMR', 'prod_id', null, '2019-11-22 00:00:00', null);
INSERT INTO dim_location (loc_id, city_code, city_name, state_code, state_name, country_code, country, region, cre_id, upd_id, cre_ts, upd_ts) VALUES (201, 'LON', 'London', null, null, 'UK', 'United Kingdom', 'EMEA', 'prod_id', null, '2019-11-22 00:00:00', null);
INSERT INTO dim_location (loc_id, city_code, city_name, state_code, state_name, country_code, country, region, cre_id, upd_id, cre_ts, upd_ts) VALUES (202, 'BRU', 'Brussels', 'BRU', 'Brussels', 'BE', 'Belgium', 'EMEA', 'prod_id', null, '2019-11-22 00:00:00', null);
INSERT INTO dim_location (loc_id, city_code, city_name, state_code, state_name, country_code, country, region, cre_id, upd_id, cre_ts, upd_ts) VALUES (301, 'BER', 'Berlin', 'BER', 'State of Berlin', 'DE', 'Germany', 'EMEA', 'prod_id', null, '2019-11-22 00:00:00', null);
INSERT INTO dim_location (loc_id, city_code, city_name, state_code, state_name, country_code, country, region, cre_id, upd_id, cre_ts, upd_ts) VALUES (302, 'FRA', 'Frankfurt', 'FRA', 'Frankfurt', 'DE', 'Germany', 'EMEA', 'prod_id', null, '2019-11-22 00:00:00', null);
INSERT INTO dim_location (loc_id, city_code, city_name, state_code, state_name, country_code, country, region, cre_id, upd_id, cre_ts, upd_ts) VALUES (303, 'MUC', 'Munich', 'MUC', 'Munich', 'DE', 'Germany', 'EMEA', 'prod_id', null, '2019-11-22 00:00:00', null);
INSERT INTO dim_location (loc_id, city_code, city_name, state_code, state_name, country_code, country, region, cre_id, upd_id, cre_ts, upd_ts) VALUES (501, 'MAA', 'Chennai', 'TN', 'Tamil Nadu', 'IN', 'India', 'APAC', 'prod_id', null, '2019-11-22 00:00:00', null);
INSERT INTO dim_location (loc_id, city_code, city_name, state_code, state_name, country_code, country, region, cre_id, upd_id, cre_ts, upd_ts) VALUES (502, 'BOM', 'Mumbai', 'MH', 'Maharashtra', 'IN', 'India', 'APAC', 'prod_id', null, '2019-11-22 00:00:00', null);
INSERT INTO dim_location (loc_id, city_code, city_name, state_code, state_name, country_code, country, region, cre_id, upd_id, cre_ts, upd_ts) VALUES (901, 'GRU', 'Sao Paulo', 'GRU', 'State of Sao Paulo', 'BR', 'Brazil', 'SAMR', 'prod_id', null, '2019-11-22 00:00:00', null);


INSERT INTO dim_cust (cust_id, cust_name, cust_type, address, loc_id, is_active, start_dt, end_dt, cre_id, upd_id, cre_ts, upd_ts) VALUES (1101, 'BMW Auto', 'Automobile', 'Am Olympiapark 1, 80809 München, Germany', 303, 'Y', '2018-01-01', '2099-12-31', 'prod_id', null, '2019-01-01 00:00:00', null);
INSERT INTO dim_cust (cust_id, cust_name, cust_type, address, loc_id, is_active, start_dt, end_dt, cre_id, upd_id, cre_ts, upd_ts) VALUES (1102, 'Daimler Auto', 'Automobile', 'Heerstraße 66, 60488 Frankfurt am Main', 302, 'Y', '2018-01-01', '2099-12-31', 'prod_id', null, '2019-01-01 00:00:00', null);
INSERT INTO dim_cust (cust_id, cust_name, cust_type, address, loc_id, is_active, start_dt, end_dt, cre_id, upd_id, cre_ts, upd_ts) VALUES (1103, 'Dutch Post', 'Freight Services', 'Heerstraße 66, 60488 Frankfurt am Main', 302, 'Y', '2018-01-01', '2099-12-31', 'prod_id', null, '2019-01-01 00:00:00', null);
INSERT INTO dim_cust (cust_id, cust_name, cust_type, address, loc_id, is_active, start_dt, end_dt, cre_id, upd_id, cre_ts, upd_ts) VALUES (1104, 'Volkswagen', 'Automobile', 'Volkswagen Berlin', 301, 'Y', '2018-01-01', '2099-12-31', 'prod_id', null, '2019-01-01 00:00:00', null);
INSERT INTO dim_cust (cust_id, cust_name, cust_type, address, loc_id, is_active, start_dt, end_dt, cre_id, upd_id, cre_ts, upd_ts) VALUES (1105, 'Tmobile', 'Telephone', 'TMobile Berlin', 301, 'Y', '2018-01-01', '2099-12-31', 'prod_id', null, '2019-01-01 00:00:00', null);
INSERT INTO dim_cust (cust_id, cust_name, cust_type, address, loc_id, is_active, start_dt, end_dt, cre_id, upd_id, cre_ts, upd_ts) VALUES (2201, 'PayPal', 'FinTech', 'North First Street', 111, 'Y', '2018-01-01', '2099-12-31', 'prod_id', null, '2019-01-01 00:00:00', null);
INSERT INTO dim_cust (cust_id, cust_name, cust_type, address, loc_id, is_active, start_dt, end_dt, cre_id, upd_id, cre_ts, upd_ts) VALUES (2221, 'Twitter', 'Social', 'Market Street', 101, 'Y', '2018-01-01', '2099-12-31', 'prod_id', null, '2019-01-01 00:00:00', null);
INSERT INTO dim_cust (cust_id, cust_name, cust_type, address, loc_id, is_active, start_dt, end_dt, cre_id, upd_id, cre_ts, upd_ts) VALUES (2222, 'Square', 'FinTech', 'Market Street', 111, 'Y', '2018-01-01', '2099-12-31', 'prod_id', null, '2019-01-01 00:00:00', null);
INSERT INTO dim_cust (cust_id, cust_name, cust_type, address, loc_id, is_active, start_dt, end_dt, cre_id, upd_id, cre_ts, upd_ts) VALUES (3001, 'BofA', 'FinTech', 'Downtown, Charlotte', 110, 'Y', '2018-01-01', '2099-12-31', 'prod_id', null, '2019-01-01 00:00:00', null);
INSERT INTO dim_cust (cust_id, cust_name, cust_type, address, loc_id, is_active, start_dt, end_dt, cre_id, upd_id, cre_ts, upd_ts) VALUES (5001, 'RelianceIndustries', 'Manufacturing', 'Bombay', 502, 'Y', '2018-01-01', '2099-12-31', 'prod_id', null, '2019-01-01 00:00:00', null);
INSERT INTO dim_cust (cust_id, cust_name, cust_type, address, loc_id, is_active, start_dt, end_dt, cre_id, upd_id, cre_ts, upd_ts) VALUES (7001, 'TekForceGmbh', 'Manufacturing', 'Frankfurt', 302, 'Y', '2013-01-01', '2099-12-31', 'prod_id', null, '2010-01-01 00:00:00', null);
INSERT INTO dim_cust (cust_id, cust_name, cust_type, address, loc_id, is_active, start_dt, end_dt, cre_id, upd_id, cre_ts, upd_ts) VALUES (7002, 'MunichFin', 'FinTech', 'Munich', 303, 'Y', '2013-01-01', '2099-12-31', 'prod_id', null, '2010-01-01 00:00:00', null);
INSERT INTO dim_cust (cust_id, cust_name, cust_type, address, loc_id, is_active, start_dt, end_dt, cre_id, upd_id, cre_ts, upd_ts) VALUES (8001, 'Belk', 'Retail', 'Charlotte', 110, 'Y', '2013-01-01', '2099-12-31', 'prod_id', null, '2010-01-01 00:00:00', null);
INSERT INTO dim_cust (cust_id, cust_name, cust_type, address, loc_id, is_active, start_dt, end_dt, cre_id, upd_id, cre_ts, upd_ts) VALUES (8002, 'LendingTree', 'FinTech', 'Charlotte', 110, 'Y', '2013-01-01', '2099-12-31', 'prod_id', null, '2010-01-01 00:00:00', null);
INSERT INTO dim_cust (cust_id, cust_name, cust_type, address, loc_id, is_active, start_dt, end_dt, cre_id, upd_id, cre_ts, upd_ts) VALUES (9001, 'NewYorkTimes', 'Media', 'NewYorkCity', 112, 'Y', '2013-01-01', '2099-12-31', 'prod_id', null, '2010-01-01 00:00:00', null);
INSERT INTO dim_cust (cust_id, cust_name, cust_type, address, loc_id, is_active, start_dt, end_dt, cre_id, upd_id, cre_ts, upd_ts) VALUES (9002, 'BBC', 'Media', 'London', 201, 'Y', '2013-01-01', '2099-12-31', 'prod_id', null, '2010-01-01 00:00:00', null);


